{"cameraMode":{"drawMode":0,"name":"Shaded","section":"Shading Mode"},"sceneLighting":true,"audioPlay":false,"sceneViewState":{"showFog":true,"showMaterialUpdate":true,"showSkybox":true,"showFlares":true,"showImageEffects":true,"showParticleSystems":true},"in2DMode":false,"pivot":{"x":-0.13293957710266114,"y":-4.0650739669799809,"z":15.502352714538575},"rotation":{"x":0.2851771414279938,"y":0.06176220253109932,"z":-0.01841842010617256,"w":0.9563055038452148},"size":12.874147415161133,"orthographic":false}