{"cameraMode":{"drawMode":0,"name":"Shaded","section":"Shading Mode"},"sceneLighting":false,"audioPlay":false,"sceneViewState":{"showFog":true,"showMaterialUpdate":true,"showSkybox":true,"showFlares":true,"showImageEffects":true,"showParticleSystems":true},"in2DMode":false,"pivot":{"x":-0.0721072107553482,"y":-0.06499999761581421,"z":0.3400000035762787},"rotation":{"x":0.10444563627243042,"y":0.8847700357437134,"z":-0.239456906914711,"w":0.38591912388801577},"size":2.961641788482666,"orthographic":false}