{"cameraMode":{"drawMode":0,"name":"Shaded","section":"Shading Mode"},"sceneLighting":false,"audioPlay":false,"sceneViewState":{"showFog":true,"showMaterialUpdate":true,"showSkybox":true,"showFlares":true,"showImageEffects":true,"showParticleSystems":true},"in2DMode":false,"pivot":{"x":-0.6100000143051148,"y":1.123923897743225,"z":4.645202159881592},"rotation":{"x":0.10444563627243042,"y":0.8847700357437134,"z":-0.239456906914711,"w":0.38591912388801577},"size":3.613269567489624,"orthographic":false}